{
  "$schema": "../node_modules/@tauri-apps/cli/config.schema.json",
  "productName": "aolarhapsody",
  "version": "0.1.0",
  "identifier": "com.aolarhapsody.dev",
  "build": {
    "beforeDevCommand": "pnpm dev",
    "beforeBuildCommand": "pnpm build",
    "frontendDist": "../dist"
  },
  "app": {
    "windows": [
      {
        "title": "aolarhapsody",
        "width": 800,
        "height": 600,
        "resizable": true,
        "fullscreen": false
      }
    ],
    "security": {
      "csp": null
    }
  },
  "bundle": {
    "active": true,
    "targets": [
      "app",
      "appimage",
      "deb",
      "dmg",
      "msi",
      "nsis"
    ],
    "icon": [
      "icons/icon.ico",
      "icons/icon.png"
    ]
  }
}
